pickup_hour,pickup_dayofweek,time_of_day,is_weekend,trip_count,total_fare,avg_fare,avg_tip_pct,avg_distance,avg_duration_min,avg_fare_per_mile,avg_passengers
0,1,overnight,True,32,368.5,11.52,14.82,2.79,11.95,4.85,2.13
1,1,overnight,True,25,269.5,10.78,14.85,2.65,10.61,4.95,1.6
2,1,overnight,True,26,325.5,12.52,11.29,3.33,12.39,4.18,2.04
3,1,overnight,True,12,132.0,11.0,10.67,2.88,9.42,5.03,1.25
4,1,overnight,True,8,82.5,10.31,9.75,2.64,8.12,5.63,1.0
5,1,overnight,True,3,29.0,9.67,7.02,2.55,7.52,4.06,2.67
6,1,overnight,True,8,150.0,18.75,1.92,6.01,12.51,3.32,1.5
7,1,morning_rush,True,5,39.5,7.9,4.29,1.8,6.47,4.87,1.8
8,1,morning_rush,True,13,174.5,13.42,4.16,3.96,10.03,4.78,1.77
9,1,morning_rush,True,21,213.5,10.17,8.92,2.55,9.33,4.74,1.81
10,1,midday,True,13,187.0,14.38,8.7,3.85,12.99,4.76,1.38
11,1,midday,True,19,200.0,10.53,9.34,2.55,10.15,4.98,2.05
12,1,midday,True,21,252.5,12.02,12.67,2.71,13.13,5.11,1.62
13,1,midday,True,24,296.5,12.35,12.77,2.86,10.7,6.01,2.38
14,1,midday,True,41,587.5,14.33,9.05,3.57,14.88,5.26,1.68
15,1,midday,True,19,257.0,13.53,13.92,3.25,14.88,5.19,1.79
16,1,evening_rush,True,23,345.0,15.0,9.82,3.94,16.88,5.85,2.09
17,1,evening_rush,True,13,111.5,8.58,8.16,1.78,8.7,5.87,1.38
18,1,evening_rush,True,17,196.5,11.56,12.98,2.79,11.32,5.25,1.94
19,1,evening_rush,True,13,154.0,11.85,13.62,2.77,11.59,5.46,1.54
20,1,night,True,27,273.0,10.11,8.86,2.41,10.23,5.35,2.26
21,1,night,True,15,250.5,16.7,7.62,4.58,17.3,4.42,1.6
22,1,night,True,25,369.5,14.78,15.07,4.15,13.53,4.52,2.04
23,1,night,True,18,222.0,12.33,7.49,3.33,10.88,4.54,1.67
0,2,overnight,False,19,200.0,10.53,8.39,2.7,9.86,5.2,1.95
1,2,overnight,False,5,78.0,15.6,8.38,4.79,11.29,6.57,1.8
2,2,overnight,False,8,93.5,11.69,6.75,3.19,10.25,4.05,1.0
3,2,overnight,False,3,55.0,18.33,7.27,6.04,12.99,3.21,2.67
4,2,overnight,False,5,116.0,23.2,10.55,7.81,15.63,3.56,1.2
5,2,overnight,False,5,139.5,27.9,15.53,9.7,18.94,3.55,1.0
6,2,overnight,False,8,74.0,9.25,9.15,2.27,8.61,4.27,1.63
7,2,morning_rush,False,17,195.5,11.5,17.25,2.83,14.86,5.31,1.88
8,2,morning_rush,False,20,313.0,15.65,9.38,3.29,19.91,5.78,1.4
9,2,morning_rush,False,22,280.0,12.73,11.81,2.77,14.38,6.11,1.32
10,2,midday,False,21,297.5,14.17,9.75,3.82,12.82,7.28,2.1
11,2,midday,False,18,201.5,11.19,6.24,2.37,16.03,6.81,1.44
12,2,midday,False,18,284.0,15.78,13.61,3.99,16.2,5.72,1.44
13,2,midday,False,17,253.5,14.91,5.5,3.74,15.07,5.55,1.47
14,2,midday,False,16,324.5,20.28,13.74,5.73,19.14,5.21,1.88
15,2,midday,False,20,234.5,11.73,11.42,2.75,12.04,7.6,1.7
16,2,evening_rush,False,17,243.5,14.32,12.32,3.92,13.61,5.58,1.82
17,2,evening_rush,False,24,302.0,12.58,10.87,3.13,12.95,5.27,1.38
18,2,evening_rush,False,21,191.5,9.12,11.32,1.89,9.73,7.2,1.67
19,2,evening_rush,False,28,383.0,13.68,10.69,3.31,13.77,6.44,1.54
20,2,night,False,25,270.0,10.8,10.15,1.97,9.73,5.89,1.32
21,2,night,False,18,222.0,12.33,10.77,3.48,10.07,4.77,1.61
22,2,night,False,27,289.5,10.72,14.14,2.64,10.48,4.69,1.63
23,2,night,False,14,198.5,14.18,15.37,4.11,11.58,4.73,1.36
0,3,overnight,False,11,201.5,18.32,17.57,5.56,15.2,3.96,2.36
1,3,overnight,False,3,29.5,9.83,2.22,2.54,8.16,4.05,1.0
2,3,overnight,False,11,170.5,15.5,19.6,4.44,13.77,4.33,1.36
3,3,overnight,False,2,18.0,9.0,10.42,2.05,7.94,4.93,1.0
4,3,overnight,False,3,45.0,15.0,17.68,3.65,17.0,4.02,1.33
5,3,overnight,False,3,68.0,22.67,7.41,7.17,16.21,3.66,1.0
6,3,overnight,False,9,104.5,11.61,14.59,3.15,9.87,4.46,1.0
7,3,morning_rush,False,11,123.5,11.23,13.04,2.95,10.39,5.59,1.0
8,3,morning_rush,False,31,346.5,11.18,11.19,2.07,13.85,13.98,1.94
9,3,morning_rush,False,30,491.0,16.37,14.47,3.39,21.45,6.19,1.47
10,3,midday,False,22,217.5,9.89,13.7,1.79,11.69,7.3,1.27
11,3,midday,False,19,305.0,16.05,12.94,3.64,18.08,6.19,1.53
12,3,midday,False,17,347.5,20.44,7.89,5.75,18.86,4.96,1.88
13,3,midday,False,19,246.5,12.97,9.23,2.56,15.71,6.96,1.95
14,3,midday,False,36,374.0,10.39,11.32,1.97,11.73,9.5,1.92
15,3,midday,False,32,352.0,11.0,9.16,2.16,12.78,7.56,1.63
16,3,evening_rush,False,14,216.0,15.43,21.64,4.5,15.77,5.61,1.36
17,3,evening_rush,False,18,304.5,16.92,20.02,4.67,19.63,5.21,1.39
18,3,evening_rush,False,30,319.5,10.65,14.65,2.18,12.67,5.47,1.37
19,3,evening_rush,False,32,350.5,10.95,10.87,2.6,11.17,5.61,2.16
20,3,night,False,30,371.0,12.37,13.32,2.93,13.56,4.87,1.73
21,3,night,False,16,233.0,14.56,16.93,4.18,12.68,4.77,1.38
22,3,night,False,32,406.0,12.69,13.61,3.44,11.67,4.98,1.38
23,3,night,False,24,261.5,10.9,12.88,2.64,11.22,4.69,2.38
0,4,overnight,False,19,208.5,10.97,15.91,2.25,12.02,6.13,1.53
1,4,overnight,False,9,105.5,11.72,6.85,3.11,10.91,4.05,1.89
2,4,overnight,False,7,71.0,10.14,17.07,2.51,9.79,4.51,1.29
3,4,overnight,False,4,62.0,15.5,17.41,4.46,12.42,3.98,2.75
4,4,overnight,False,5,59.0,11.8,28.76,3.06,12.46,4.33,1.2
5,4,overnight,False,4,51.0,12.75,5.56,3.74,9.32,5.36,1.25
6,4,overnight,False,16,140.0,8.75,9.25,2.15,7.48,5.01,1.69
7,4,morning_rush,False,23,330.5,14.37,11.11,3.8,14.68,5.03,1.65
8,4,morning_rush,False,23,294.0,12.78,13.85,2.91,15.28,6.33,1.91
9,4,morning_rush,False,35,426.0,12.17,9.93,2.51,14.53,6.43,1.54
10,4,midday,False,11,150.0,13.64,11.07,3.25,14.56,5.88,1.0
11,4,midday,False,10,137.5,13.75,12.87,2.58,17.44,6.88,1.3
12,4,midday,False,20,231.0,11.55,8.41,2.34,14.34,6.65,1.35
13,4,midday,False,13,122.5,9.42,10.73,1.78,10.97,6.48,1.15
14,4,midday,False,24,309.5,12.9,9.74,2.87,14.76,8.54,1.63
15,4,midday,False,24,261.5,10.9,8.35,1.97,13.79,6.58,1.71
16,4,evening_rush,False,15,180.5,12.03,15.41,2.92,13.02,5.6,1.2
17,4,evening_rush,False,22,377.0,17.14,10.38,4.27,21.28,5.45,2.09
18,4,evening_rush,False,27,299.5,11.09,15.41,2.03,14.31,6.35,1.85
19,4,evening_rush,False,35,400.5,11.44,11.8,2.51,12.52,6.34,1.63
20,4,night,False,35,365.0,10.43,13.81,2.42,10.38,5.84,2.0
21,4,night,False,31,356.5,11.5,11.21,2.7,12.63,4.84,1.58
22,4,night,False,28,320.0,11.43,16.04,2.79,11.19,5.05,2.07
23,4,night,False,24,387.5,16.15,14.04,3.69,12.8,5.44,1.96
0,5,overnight,False,11,151.0,13.73,5.96,3.63,12.6,5.42,1.45
1,5,overnight,False,8,126.5,15.81,10.83,4.86,12.42,3.96,1.75
2,5,overnight,False,6,118.0,19.67,16.68,6.3,14.75,3.26,1.83
3,5,overnight,False,4,49.0,12.25,5.2,3.28,10.93,4.03,2.75
4,5,overnight,False,2,69.0,34.5,4.81,11.3,22.03,3.2,1.0
5,5,overnight,False,5,46.5,9.3,20.33,2.21,8.91,4.71,1.0
6,5,overnight,False,16,256.0,16.0,16.31,4.49,15.17,4.79,1.5
7,5,morning_rush,False,17,161.5,9.5,14.63,1.85,11.1,5.8,1.41
8,5,morning_rush,False,22,268.5,12.2,10.06,2.37,15.88,6.3,1.77
9,5,morning_rush,False,22,286.0,13.0,12.97,2.51,14.27,6.36,1.5
10,5,midday,False,18,232.0,12.89,9.22,3.08,14.04,6.99,1.78
11,5,midday,False,29,334.5,11.53,8.25,2.61,14.05,6.01,1.28
12,5,midday,False,28,333.5,11.91,11.19,2.64,13.18,6.79,1.61
13,5,midday,False,25,362.0,14.48,11.5,3.08,18.21,5.87,1.44
14,5,midday,False,17,236.0,13.88,9.21,2.64,18.1,6.76,1.88
15,5,midday,False,23,366.5,15.93,8.9,3.37,20.68,6.2,1.91
16,5,evening_rush,False,7,117.5,16.79,2.75,4.69,17.73,4.78,1.71
17,5,evening_rush,False,25,246.5,9.86,11.46,1.67,12.33,6.48,1.32
18,5,evening_rush,False,37,456.0,12.32,11.34,2.94,13.91,5.89,1.97
19,5,evening_rush,False,34,403.0,11.85,10.36,2.75,12.73,5.8,1.71
20,5,night,False,33,456.0,13.82,14.52,3.48,14.36,4.76,1.76
21,5,night,False,40,504.5,12.61,12.66,3.09,13.07,5.04,1.8
22,5,night,False,21,269.5,12.83,15.66,3.06,13.9,4.95,1.62
23,5,night,False,25,325.5,13.02,14.36,3.47,12.41,4.49,1.84
0,6,overnight,False,18,198.5,11.03,11.47,2.75,10.57,4.61,1.61
1,6,overnight,False,13,116.5,8.96,10.25,1.86,9.51,5.19,2.23
2,6,overnight,False,8,127.0,15.88,10.64,4.58,13.76,4.08,2.38
3,6,overnight,False,5,41.5,8.3,9.88,1.9,7.62,4.57,1.4
4,6,overnight,False,7,135.0,19.29,11.45,6.19,13.88,3.35,1.57
5,6,overnight,False,8,175.0,21.88,7.81,7.08,16.1,3.57,1.25
6,6,overnight,False,6,46.5,7.75,10.45,1.7,6.8,4.81,1.67
7,6,morning_rush,False,25,247.0,9.88,11.06,2.4,9.62,5.8,1.92
8,6,morning_rush,False,25,294.0,11.76,13.33,2.13,13.19,6.29,1.4
9,6,morning_rush,False,19,186.5,9.82,14.77,1.46,12.71,7.67,1.53
10,6,midday,False,22,326.5,14.84,8.71,3.42,20.25,5.72,2.0
11,6,midday,False,20,233.5,11.68,14.75,2.24,14.21,6.5,1.7
12,6,midday,False,21,224.5,10.69,7.54,2.04,13.3,6.77,1.38
13,6,midday,False,22,333.5,15.16,10.14,3.46,17.9,5.03,2.0
14,6,midday,False,17,372.0,21.88,12.72,5.75,20.4,4.98,1.76
15,6,midday,False,22,267.5,12.16,7.24,2.31,15.22,6.86,1.82
16,6,evening_rush,False,18,208.5,11.58,6.99,2.71,13.84,5.98,1.5
17,6,evening_rush,False,16,223.5,13.97,8.67,3.07,18.04,5.49,1.94
18,6,evening_rush,False,26,264.5,10.17,5.93,2.0,12.38,6.25,2.04
19,6,evening_rush,False,21,202.0,9.62,15.43,1.92,10.91,6.75,1.86
20,6,night,False,24,239.5,9.98,12.21,2.0,11.37,6.19,1.25
21,6,night,False,28,383.5,13.7,13.75,3.53,14.19,4.78,1.57
22,6,night,False,42,543.5,12.94,8.89,3.26,13.07,5.6,1.48
23,6,night,False,31,359.5,11.6,12.64,2.82,11.7,5.25,1.45
0,7,overnight,True,32,419.5,13.11,15.93,3.36,11.98,4.82,1.44
1,7,overnight,True,19,292.0,15.37,8.42,4.34,14.29,4.79,1.58
2,7,overnight,True,27,291.5,10.8,15.9,2.49,10.88,5.22,1.7
3,7,overnight,True,7,123.5,17.64,11.38,5.29,15.55,3.6,2.43
4,7,overnight,True,7,64.5,9.21,15.53,2.26,7.38,5.31,1.14
5,7,overnight,True,1,8.5,8.5,21.18,2.36,7.0,3.6,1.0
6,7,overnight,True,5,47.0,9.4,0.0,2.34,7.91,4.28,1.0
7,7,morning_rush,True,13,179.5,13.81,9.04,4.19,9.8,4.57,1.31
8,7,morning_rush,True,13,186.5,14.35,12.05,4.26,12.12,4.9,1.46
9,7,morning_rush,True,14,112.0,8.0,12.85,1.72,7.91,5.09,1.29
10,7,midday,True,20,189.0,9.45,11.12,2.2,9.19,5.38,1.65
11,7,midday,True,21,249.5,11.88,7.19,2.71,11.63,6.15,1.86
12,7,midday,True,28,446.0,15.93,10.48,4.51,15.28,4.93,1.96
13,7,midday,True,29,339.5,11.71,6.86,2.62,12.93,7.24,2.03
14,7,midday,True,28,406.5,14.52,10.36,3.55,16.25,5.5,1.36
15,7,midday,True,26,333.0,12.81,9.77,3.01,14.13,6.05,1.88
16,7,evening_rush,True,23,270.0,11.74,12.7,2.69,12.14,5.98,1.74
17,7,evening_rush,True,19,200.0,10.53,7.42,1.91,12.97,9.95,2.05
18,7,evening_rush,True,25,262.0,10.48,7.97,2.22,11.99,5.55,1.8
19,7,evening_rush,True,37,496.0,13.41,12.0,3.12,14.58,5.48,1.65
20,7,night,True,18,244.5,13.58,12.11,3.66,13.9,5.45,1.61
21,7,night,True,32,348.0,10.88,17.54,2.64,10.97,5.63,1.78
22,7,night,True,29,418.0,14.41,11.55,3.65,15.05,5.22,2.07
23,7,night,True,27,421.5,15.61,16.33,4.28,15.88,4.63,1.96
